[
    {
        "model": "ВАЗ 2101",
        "startDate": "19 апреля 1970",
        "image": "images/ВАЗ 2101.webp",
        "characteristics": "4-цилиндровый бензиновый двигатель 1.2 л, 59-64 л.с., задний привод, механическая 4-ступенчатая КПП",
        "productionYears": "1970-1988",
        "soldUnits": "8 846 900 шт.",
        "length": "4043 мм",
        "width": "1611 мм",
        "height": "1440 мм",
        "weight": "935 кг",
        "maxSpeed": "142 км/ч",
        "acceleration": "20 сек (0-100 км/ч)",
        "nickname": "Копейка"
    },
    {
        "model": "ВАЗ 2102",
        "startDate": "1972",
        "image": "images/ВАЗ 2102.jpg",
        "characteristics": "4-цилиндровый бензиновый двигатель 1.2-1.3 л, 64-69 л.с., задний привод, механическая 4-ступенчатая КПП",
        "productionYears": "1972-1986",
        "soldUnits": "666 320 шт.",
        "length": "4043 мм",
        "width": "1611 мм",
        "height": "1440 мм",
        "weight": "1010 кг",
        "maxSpeed": "140 км/ч",
        "acceleration": "22 сек (0-100 км/ч)",
        "nickname": "Двойка"
    },
    {
        "model": "ВАЗ 2103",
        "startDate": "1972",
        "image": "images/ВАЗ 2103.webp",
        "characteristics": "4-цилиндровый бензиновый двигатель 1.45 л, 71-77 л.с., задний привод, механическая 4-ступенчатая КПП",
        "productionYears": "1972-1984",
        "soldUnits": "1 304 899 шт.",
        "length": "4116 мм",
        "width": "1611 мм",
        "height": "1440 мм",
        "weight": "1030 кг",
        "maxSpeed": "150 км/ч",
        "acceleration": "17 сек (0-100 км/ч)",
        "nickname": "Тройка"
    },
    {
        "model": "ВАЗ 2104",
        "startDate": "1984",
        "image": "images/ВАЗ 2104.webp",
        "characteristics": "4-цилиндровый бензиновый двигатель 1.2-1.7 л, 64-82 л.с., задний привод, механическая 4-5 ступенчатая КПП",
        "productionYears": "1984-2012",
        "soldUnits": "1 350 000+ шт.",
        "length": "4120 мм",
        "width": "1620 мм",
        "height": "1444 мм",
        "weight": "1020 кг",
        "maxSpeed": "145-155 км/ч",
        "acceleration": "16-18 сек (0-100 км/ч)",
        "nickname": "Четверка"
    },
    {
        "model": "ВАЗ 2105",
        "startDate": "1980",
        "image": "images/ВАЗ 2105.webp",
        "characteristics": "4-цилиндровый бензиновый двигатель 1.2-1.5 л, 64-73 л.с., задний привод, механическая 4-5 ступенчатая КПП",
        "productionYears": "1980-2010",
        "soldUnits": "2 090 000+ шт.",
        "length": "4130 мм",
        "width": "1620 мм",
        "height": "1446 мм",
        "weight": "1010 кг",
        "maxSpeed": "145-150 км/ч",
        "acceleration": "16-18 сек (0-100 км/ч)",
        "nickname": "Пятерка"
    },
    {
        "model": "ВАЗ 2106",
        "startDate": "1976",
        "image": "images/ВАЗ 2106.webp",
        "characteristics": "4-цилиндровый бензиновый двигатель 1.3-1.6 л, 64-80 л.с., задний привод, механическая 4-5 ступенчатая КПП",
        "productionYears": "1976-2006",
        "soldUnits": "4 300 000+ шт.",
        "length": "4166 мм",
        "width": "1611 мм",
        "height": "1440 мм",
        "weight": "1035 кг",
        "maxSpeed": "150-152 км/ч",
        "acceleration": "15-17 сек (0-100 км/ч)",
        "nickname": "Шестерка"
    },
    {
        "model": "ВАЗ 2107",
        "startDate": "1982",
        "image": "images/ВАЗ 2107.webp",
        "characteristics": "4-цилиндровый бензиновый двигатель 1.3-1.7 л, 64-82 л.с., задний привод, механическая 4-5 ступенчатая КПП",
        "productionYears": "1982-2012",
        "soldUnits": "2 800 000+ шт.",
        "length": "4145 мм",
        "width": "1620 мм",
        "height": "1440 мм",
        "weight": "1060 кг",
        "maxSpeed": "150-155 км/ч",
        "acceleration": "15-17 сек (0-100 км/ч)",
        "nickname": "Семерка"
    },
    {
        "model": "ВАЗ 2108",
        "startDate": "1984",
        "image": "images/ВАЗ 2108.webp",
        "characteristics": "4-цилиндровый бензиновый двигатель 1.1-1.5 л, 53-73 л.с., передний привод, механическая 5-ступенчатая КПП",
        "productionYears": "1984-2004",
        "soldUnits": "3 500 000+ шт.",
        "length": "4006 мм",
        "width": "1650 мм",
        "height": "1402 мм",
        "weight": "915 кг",
        "maxSpeed": "145-155 км/ч",
        "acceleration": "15-17 сек (0-100 км/ч)",
        "nickname": "Восьмерка"
    },
    {
        "model": "ВАЗ 2109",
        "startDate": "1987",
        "image": "images/ВАЗ 2109.webp",
        "characteristics": "4-цилиндровый бензиновый двигатель 1.1-1.5 л, 53-78 л.с., передний привод, механическая 5-ступенчатая КПП",
        "productionYears": "1987-2004",
        "soldUnits": "2 800 000+ шт.",
        "length": "4006 мм",
        "width": "1650 мм",
        "height": "1402 мм",
        "weight": "920 кг",
        "maxSpeed": "145-160 км/ч",
        "acceleration": "14-16 сек (0-100 км/ч)",
        "nickname": "Девятка"
    },
    {
        "model": "ВАЗ 2110",
        "startDate": "1996",
        "image": "images/ВАЗ 2110.webp",
        "characteristics": "Бензиновые двигатели 1.5-2.0 л, 78-150 л.с., передний привод, механическая/автоматическая КПП",
        "productionYears": "1996-2007",
        "soldUnits": "2 150 000 шт.",
        "length": "4285 мм",
        "width": "1680 мм",
        "height": "1480 мм",
        "weight": "1060 кг",
        "maxSpeed": "165-185 км/ч",
        "acceleration": "11.5-14 сек (0-100 км/ч)",
        "nickname": "Десятка"
    }
]